# SkinLab Hungary - 301 Redirects
# Generated: 2026-01-05T15:10:44.794Z
# Maps old ShopRenter URLs to new Astro category-based URLs

# Language redirects - redirect unsupported languages to Hungarian homepage
# Supported languages have their own pages: en, de, sk, ro, cs, hr, sl, sr (8 languages + hu)
/pl/ / 301
/pl/* / 301
/uk/ / 301
/uk/* / 301
/ru/ / 301
/ru/* / 301
/fr/ / 301
/fr/* / 301
/it/ / 301
/it/* / 301
/es/ / 301
/es/* / 301
/nl/ / 301
/nl/* / 301
/pt/ / 301
/pt/* / 301

# Product redirects (237 rules)
/product/hiemt-luxe-rf /hiemt/hiemt-luxe-rf 301
/termek/hiemt-luxe-rf /hiemt/hiemt-luxe-rf 301
/hiemt-luxe-rf /hiemt/hiemt-luxe-rf 301
/product/evosculpt-smart-hiemt /hiemt/evosculpt-smart-hiemt 301
/termek/evosculpt-smart-hiemt /hiemt/evosculpt-smart-hiemt 301
/evosculpt-smart-hiemt /hiemt/evosculpt-smart-hiemt 301
/product/evosculpt-smart-4-hiemt /hiemt/evosculpt-smart-4-hiemt 301
/termek/evosculpt-smart-4-hiemt /hiemt/evosculpt-smart-4-hiemt 301
/evosculpt-smart-4-hiemt /hiemt/evosculpt-smart-4-hiemt 301
/product/evosculpt-venus-hiemt-intim-pad /hiemt/evosculpt-venus-hiemt-intim-pad 301
/termek/evosculpt-venus-hiemt-intim-pad /hiemt/evosculpt-venus-hiemt-intim-pad 301
/evosculpt-venus-hiemt-intim-pad /hiemt/evosculpt-venus-hiemt-intim-pad 301
/product/mast-y22-pro /sminktetovalas/mast-y22-pro 301
/termek/mast-y22-pro /sminktetovalas/mast-y22-pro 301
/mast-y22-pro /sminktetovalas/mast-y22-pro 301
/product/neo-skin-smart-704 /diodalezerek/neo-skin-smart-704 301
/termek/neo-skin-smart-704 /diodalezerek/neo-skin-smart-704 301
/neo-skin-smart-704 /diodalezerek/neo-skin-smart-704 301
/product/peonyluxe-4-hullamhosszon-operalo-vertikalis-premium-diodalezer-767 /diodalezerek/peonyluxe-4-hullamhosszon-operalo-vertikalis-premium-diodalezer-767 301
/termek/peonyluxe-4-hullamhosszon-operalo-vertikalis-premium-diodalezer-767 /diodalezerek/peonyluxe-4-hullamhosszon-operalo-vertikalis-premium-diodalezer-767 301
/peonyluxe-4-hullamhosszon-operalo-vertikalis-premium-diodalezer-767 /diodalezerek/peonyluxe-4-hullamhosszon-operalo-vertikalis-premium-diodalezer-767 301
/product/dahlia-noir-premium-dioda-lezer-4-hullamhosszal-770 /diodalezerek/dahlia-noir-premium-dioda-lezer-4-hullamhosszal-770 301
/termek/dahlia-noir-premium-dioda-lezer-4-hullamhosszal-770 /diodalezerek/dahlia-noir-premium-dioda-lezer-4-hullamhosszal-770 301
/dahlia-noir-premium-dioda-lezer-4-hullamhosszal-770 /diodalezerek/dahlia-noir-premium-dioda-lezer-4-hullamhosszal-770 301
/product/peony-4-hullamhossz-diodalezer /diodalezerek/peony-4-hullamhossz-diodalezer 301
/termek/peony-4-hullamhossz-diodalezer /diodalezerek/peony-4-hullamhossz-diodalezer 301
/peony-4-hullamhossz-diodalezer /diodalezerek/peony-4-hullamhossz-diodalezer 301
/product/blackpearl-diodalezer /diodalezerek/blackpearl-diodalezer 301
/termek/blackpearl-diodalezer /diodalezerek/blackpearl-diodalezer 301
/blackpearl-diodalezer /diodalezerek/blackpearl-diodalezer 301
/product/pearl-diodalezer-4-hullamhosszal /diodalezerek/pearl-diodalezer-4-hullamhosszal 301
/termek/pearl-diodalezer-4-hullamhosszal /diodalezerek/pearl-diodalezer-4-hullamhosszal 301
/pearl-diodalezer-4-hullamhosszal /diodalezerek/pearl-diodalezer-4-hullamhosszal 301
/product/nightyvibe-diodalezer /diodalezerek/nightyvibe-diodalezer 301
/termek/nightyvibe-diodalezer /diodalezerek/nightyvibe-diodalezer 301
/nightyvibe-diodalezer /diodalezerek/nightyvibe-diodalezer 301
/product/medilux-pro-professzionalis-4-hullamhosszon-operalo-diodalezer-keszulek-836 /diodalezerek/medilux-pro-professzionalis-4-hullamhosszon-operalo-diodalezer-keszulek-836 301
/termek/medilux-pro-professzionalis-4-hullamhosszon-operalo-diodalezer-keszulek-836 /diodalezerek/medilux-pro-professzionalis-4-hullamhosszon-operalo-diodalezer-keszulek-836 301
/medilux-pro-professzionalis-4-hullamhosszon-operalo-diodalezer-keszulek-836 /diodalezerek/medilux-pro-professzionalis-4-hullamhosszon-operalo-diodalezer-keszulek-836 301
/product/nyxqueen_4wave_diodalezer /diodalezerek/nyxqueen_4wave_diodalezer 301
/termek/nyxqueen_4wave_diodalezer /diodalezerek/nyxqueen_4wave_diodalezer 301
/nyxqueen_4wave_diodalezer /diodalezerek/nyxqueen_4wave_diodalezer 301
/product/nxyqueenrosegold /diodalezerek/nyxqueen_4wave_diodalezer 301
/termek/nxyqueenrosegold /diodalezerek/nyxqueen_4wave_diodalezer 301
/nxyqueenrosegold /diodalezerek/nyxqueen_4wave_diodalezer 301
/product/dame4 /diodalezerek/dame4 301
/termek/dame4 /diodalezerek/dame4 301
/dame4 /diodalezerek/dame4 301
/product/nyxqueen_crystalfrost /diodalezerek/nyxqueen_4wave_diodalezer 301
/termek/nyxqueen_crystalfrost /diodalezerek/nyxqueen_4wave_diodalezer 301
/nyxqueen_crystalfrost /diodalezerek/nyxqueen_4wave_diodalezer 301
/product/nyxqueen_snowwhite /diodalezerek/nyxqueen_4wave_diodalezer 301
/termek/nyxqueen_snowwhite /diodalezerek/nyxqueen_4wave_diodalezer 301
/nyxqueen_snowwhite /diodalezerek/nyxqueen_4wave_diodalezer 301
/product/nyxqueen_peony /diodalezerek/nyxqueen_4wave_diodalezer 301
/termek/nyxqueen_peony /diodalezerek/nyxqueen_4wave_diodalezer 301
/nyxqueen_peony /diodalezerek/nyxqueen_4wave_diodalezer 301
/product/nyxqueen_champagnegold /diodalezerek/nyxqueen_4wave_diodalezer 301
/termek/nyxqueen_champagnegold /diodalezerek/nyxqueen_4wave_diodalezer 301
/nyxqueen_champagnegold /diodalezerek/nyxqueen_4wave_diodalezer 301
/product/lunox_2in1_lezerkeszulek /diodalezerek/lunox_2in1_lezerkeszulek 301
/termek/lunox_2in1_lezerkeszulek /diodalezerek/lunox_2in1_lezerkeszulek 301
/lunox_2in1_lezerkeszulek /diodalezerek/lunox_2in1_lezerkeszulek 301
/product/prestige4wave_diodalezer /diodalezerek/prestige4wave_diodalezer 301
/termek/prestige4wave_diodalezer /diodalezerek/prestige4wave_diodalezer 301
/prestige4wave_diodalezer /diodalezerek/prestige4wave_diodalezer 301
/product/hydracrownexpert /hydrafacial/hydracrownexpert 301
/termek/hydracrownexpert /hydrafacial/hydracrownexpert 301
/hydracrownexpert /hydrafacial/hydracrownexpert 301
/product/hydrascan-pro /hydrafacial/hydrascan-pro 301
/termek/hydrascan-pro /hydrafacial/hydrascan-pro 301
/hydrascan-pro /hydrafacial/hydrascan-pro 301
/product/moonlight-hydrofacial-10-az-1-ben /hydrafacial/moonlight-hydrofacial-10-az-1-ben 301
/termek/moonlight-hydrofacial-10-az-1-ben /hydrafacial/moonlight-hydrofacial-10-az-1-ben 301
/moonlight-hydrofacial-10-az-1-ben /hydrafacial/moonlight-hydrofacial-10-az-1-ben 301
/product/hydramini-hydrofacial /hydrafacial/hydramini-hydrofacial 301
/termek/hydramini-hydrofacial /hydrafacial/hydramini-hydrofacial 301
/hydramini-hydrofacial /hydrafacial/hydramini-hydrofacial 301
/product/hydramax-professzionalis-hydrofacial-keszulek-833 /hydrafacial/hydramax-professzionalis-hydrofacial-keszulek-833 301
/termek/hydramax-professzionalis-hydrofacial-keszulek-833 /hydrafacial/hydramax-professzionalis-hydrofacial-keszulek-833 301
/hydramax-professzionalis-hydrofacial-keszulek-833 /hydrafacial/hydramax-professzionalis-hydrofacial-keszulek-833 301
/product/novalite-carbon-lezer /nd-yag-lezerek/novalite-carbon-lezer 301
/termek/novalite-carbon-lezer /nd-yag-lezerek/novalite-carbon-lezer 301
/novalite-carbon-lezer /nd-yag-lezerek/novalite-carbon-lezer 301
/product/yag-lasequeen /nd-yag-lezerek/yag-lasequeen 301
/termek/yag-lasequeen /nd-yag-lezerek/yag-lasequeen 301
/yag-lasequeen /nd-yag-lezerek/yag-lasequeen 301
/product/yag-neolasersmart /nd-yag-lezerek/yag-neolasersmart 301
/termek/yag-neolasersmart /nd-yag-lezerek/yag-neolasersmart 301
/yag-neolasersmart /nd-yag-lezerek/yag-neolasersmart 301
/product/yag-elise /nd-yag-lezerek/yag-elise 301
/termek/yag-elise /nd-yag-lezerek/yag-elise 301
/yag-elise /nd-yag-lezerek/yag-elise 301
/product/yag-elyra /nd-yag-lezerek/yag-elyra 301
/termek/yag-elyra /nd-yag-lezerek/yag-elyra 301
/yag-elyra /nd-yag-lezerek/yag-elyra 301
/product/lasequeen-mapetite-q-kapcsolt-ndyag-lezer-limited-edition-800 /nd-yag-lezerek/lasequeen-mapetite-q-kapcsolt-ndyag-lezer-limited-edition-800 301
/termek/lasequeen-mapetite-q-kapcsolt-ndyag-lezer-limited-edition-800 /nd-yag-lezerek/lasequeen-mapetite-q-kapcsolt-ndyag-lezer-limited-edition-800 301
/lasequeen-mapetite-q-kapcsolt-ndyag-lezer-limited-edition-800 /nd-yag-lezerek/lasequeen-mapetite-q-kapcsolt-ndyag-lezer-limited-edition-800 301
/product/lasequeen-q-kapcsolt-ndyag-lezer-803 /nd-yag-lezerek/yag-lasequeen 301
/termek/lasequeen-q-kapcsolt-ndyag-lezer-803 /nd-yag-lezerek/yag-lasequeen 301
/lasequeen-q-kapcsolt-ndyag-lezer-803 /nd-yag-lezerek/yag-lasequeen 301
/product/pixelcarbonlezer /nd-yag-lezerek/pixelcarbonlezer 301
/termek/pixelcarbonlezer /nd-yag-lezerek/pixelcarbonlezer 301
/pixelcarbonlezer /nd-yag-lezerek/pixelcarbonlezer 301
/product/skitenic-ai-mesterseges-intelligencia-boranalizis-keszulek-821 /anti-aging/skitenic-ai-mesterseges-intelligencia-boranalizis-keszulek-821 301
/termek/skitenic-ai-mesterseges-intelligencia-boranalizis-keszulek-821 /anti-aging/skitenic-ai-mesterseges-intelligencia-boranalizis-keszulek-821 301
/skitenic-ai-mesterseges-intelligencia-boranalizis-keszulek-821 /anti-aging/skitenic-ai-mesterseges-intelligencia-boranalizis-keszulek-821 301
/product/skinlab-oxygenx-kezelogep /hydrafacial/skinlab-oxygenx-kezelogep 301
/termek/skinlab-oxygenx-kezelogep /hydrafacial/skinlab-oxygenx-kezelogep 301
/skinlab-oxygenx-kezelogep /hydrafacial/skinlab-oxygenx-kezelogep 301
/product/carbon-gel- /kellekek/carbon-gel- 301
/termek/carbon-gel- /kellekek/carbon-gel- 301
/carbon-gel- /kellekek/carbon-gel- 301
/product/mast-archer-ultra-smart-vezetek-nelkuli-tetovalogep-bluetooth-verzio /tetovalogepek/mast-archer-ultra-smart-vezetek-nelkuli-tetovalogep-bluetooth-verzio 301
/termek/mast-archer-ultra-smart-vezetek-nelkuli-tetovalogep-bluetooth-verzio /tetovalogepek/mast-archer-ultra-smart-vezetek-nelkuli-tetovalogep-bluetooth-verzio 301
/mast-archer-ultra-smart-vezetek-nelkuli-tetovalogep-bluetooth-verzio /tetovalogepek/mast-archer-ultra-smart-vezetek-nelkuli-tetovalogep-bluetooth-verzio 301
/product/foldpro-snake-edition /tetovalogepek/foldpro-snake-edition 301
/termek/foldpro-snake-edition /tetovalogepek/foldpro-snake-edition 301
/foldpro-snake-edition /tetovalogepek/foldpro-snake-edition 301
/product/spectraglow-premium-pico-lezer /pico-lezerek/spectraglow-premium-pico-lezer 301
/termek/spectraglow-premium-pico-lezer /pico-lezerek/spectraglow-premium-pico-lezer 301
/spectraglow-premium-pico-lezer /pico-lezerek/spectraglow-premium-pico-lezer 301
/product/nofilter-7d-hifu-854 /anti-aging/nofilter-7d-hifu-854 301
/termek/nofilter-7d-hifu-854 /anti-aging/nofilter-7d-hifu-854 301
/nofilter-7d-hifu-854 /anti-aging/nofilter-7d-hifu-854 301
/product/dermatechplus_noneedle_mesotherapy /anti-aging/dermatechplus_noneedle_mesotherapy 301
/termek/dermatechplus_noneedle_mesotherapy /anti-aging/dermatechplus_noneedle_mesotherapy 301
/dermatechplus_noneedle_mesotherapy /anti-aging/dermatechplus_noneedle_mesotherapy 301
/product/mast-oceanheart-tumodul-030mm-1rl /kellekek/mast-oceanheart-tumodul-030mm-1rl 301
/termek/mast-oceanheart-tumodul-030mm-1rl /kellekek/mast-oceanheart-tumodul-030mm-1rl 301
/mast-oceanheart-tumodul-030mm-1rl /kellekek/mast-oceanheart-tumodul-030mm-1rl 301
/product/mast-oceanheart-tumodul-025mm-3rl /kellekek/mast-oceanheart-tumodul-030mm-1rl 301
/termek/mast-oceanheart-tumodul-025mm-3rl /kellekek/mast-oceanheart-tumodul-030mm-1rl 301
/mast-oceanheart-tumodul-025mm-3rl /kellekek/mast-oceanheart-tumodul-030mm-1rl 301
/product/mast-oceanheart-tumodul-025mm-1rl /kellekek/mast-oceanheart-tumodul-030mm-1rl 301
/termek/mast-oceanheart-tumodul-025mm-1rl /kellekek/mast-oceanheart-tumodul-030mm-1rl 301
/mast-oceanheart-tumodul-025mm-1rl /kellekek/mast-oceanheart-tumodul-030mm-1rl 301
/product/mast-oceanheart-tumodul-020-1rl /kellekek/mast-oceanheart-tumodul-030mm-1rl 301
/termek/mast-oceanheart-tumodul-020-1rl /kellekek/mast-oceanheart-tumodul-030mm-1rl 301
/mast-oceanheart-tumodul-020-1rl /kellekek/mast-oceanheart-tumodul-030mm-1rl 301
/product/mast-oceanheart-tumodul-035mm-1rl /kellekek/mast-oceanheart-tumodul-030mm-1rl 301
/termek/mast-oceanheart-tumodul-035mm-1rl /kellekek/mast-oceanheart-tumodul-030mm-1rl 301
/mast-oceanheart-tumodul-035mm-1rl /kellekek/mast-oceanheart-tumodul-030mm-1rl 301
/product/mast-oceanheart-tumodul018-1rl /kellekek/mast-oceanheart-tumodul-030mm-1rl 301
/termek/mast-oceanheart-tumodul018-1rl /kellekek/mast-oceanheart-tumodul-030mm-1rl 301
/mast-oceanheart-tumodul018-1rl /kellekek/mast-oceanheart-tumodul-030mm-1rl 301
/product/mast-oceanheart-tumodul-035mm-1rl-787 /kellekek/mast-oceanheart-tumodul-030mm-1rl 301
/termek/mast-oceanheart-tumodul-035mm-1rl-787 /kellekek/mast-oceanheart-tumodul-030mm-1rl 301
/mast-oceanheart-tumodul-035mm-1rl-787 /kellekek/mast-oceanheart-tumodul-030mm-1rl 301
/product/wjxtumodul /kellekek/wjxtumodul 301
/termek/wjxtumodul /kellekek/wjxtumodul 301
/wjxtumodul /kellekek/wjxtumodul 301
/product/wjx-tumodul-025-1rl-791 /kellekek/wjxtumodul 301
/termek/wjx-tumodul-025-1rl-791 /kellekek/wjxtumodul 301
/wjx-tumodul-025-1rl-791 /kellekek/wjxtumodul 301
/product/wjx-tumodul-025-3rl-794 /kellekek/wjxtumodul 301
/termek/wjx-tumodul-025-3rl-794 /kellekek/wjxtumodul 301
/wjx-tumodul-025-3rl-794 /kellekek/wjxtumodul 301
/product/wjx-tumodul-030-1rl-797 /kellekek/wjxtumodul 301
/termek/wjx-tumodul-030-1rl-797 /kellekek/wjxtumodul 301
/wjx-tumodul-030-1rl-797 /kellekek/wjxtumodul 301
/product/mast-p60-premium-sminktetovalo-gep-allithato-lokethosszal /sminktetovalas/mast-p60-premium-sminktetovalo-gep-allithato-lokethosszal 301
/termek/mast-p60-premium-sminktetovalo-gep-allithato-lokethosszal /sminktetovalas/mast-p60-premium-sminktetovalo-gep-allithato-lokethosszal 301
/mast-p60-premium-sminktetovalo-gep-allithato-lokethosszal /sminktetovalas/mast-p60-premium-sminktetovalo-gep-allithato-lokethosszal 301
/product/mast-p60-premium-sminktetovalo-gep-allithato-lokethosszal-620 /sminktetovalas/mast-p60-premium-sminktetovalo-gep-allithato-lokethosszal 301
/termek/mast-p60-premium-sminktetovalo-gep-allithato-lokethosszal-620 /sminktetovalas/mast-p60-premium-sminktetovalo-gep-allithato-lokethosszal 301
/mast-p60-premium-sminktetovalo-gep-allithato-lokethosszal-620 /sminktetovalas/mast-p60-premium-sminktetovalo-gep-allithato-lokethosszal 301
/product/mast-p60-premium-sminktetovalo-gep-allithato-lokethosszal- /sminktetovalas/mast-p60-premium-sminktetovalo-gep-allithato-lokethosszal 301
/termek/mast-p60-premium-sminktetovalo-gep-allithato-lokethosszal- /sminktetovalas/mast-p60-premium-sminktetovalo-gep-allithato-lokethosszal 301
/mast-p60-premium-sminktetovalo-gep-allithato-lokethosszal- /sminktetovalas/mast-p60-premium-sminktetovalo-gep-allithato-lokethosszal 301
/product/mast-nano-2 /sminktetovalas/mast-nano-2 301
/termek/mast-nano-2 /sminktetovalas/mast-nano-2 301
/mast-nano-2 /sminktetovalas/mast-nano-2 301
/product/mast-p60-sminktetovalo-gep /sminktetovalas/mast-p60-sminktetovalo-gep 301
/termek/mast-p60-sminktetovalo-gep /sminktetovalas/mast-p60-sminktetovalo-gep 301
/mast-p60-sminktetovalo-gep /sminktetovalas/mast-p60-sminktetovalo-gep 301
/product/oxygenx-pod-szett-glam-pod /kellekek/oxygenx-pod-szett-glam-pod 301
/termek/oxygenx-pod-szett-glam-pod /kellekek/oxygenx-pod-szett-glam-pod 301
/oxygenx-pod-szett-glam-pod /kellekek/oxygenx-pod-szett-glam-pod 301
/product/oxygenx-pod-szett-retouch-pod-725 /kellekek/oxygenx-pod-szett-glam-pod 301
/termek/oxygenx-pod-szett-retouch-pod-725 /kellekek/oxygenx-pod-szett-glam-pod 301
/oxygenx-pod-szett-retouch-pod-725 /kellekek/oxygenx-pod-szett-glam-pod 301
/product/oxygenx-pod-szett-illuminate-pod-740 /kellekek/oxygenx-pod-szett-glam-pod 301
/termek/oxygenx-pod-szett-illuminate-pod-740 /kellekek/oxygenx-pod-szett-glam-pod 301
/oxygenx-pod-szett-illuminate-pod-740 /kellekek/oxygenx-pod-szett-glam-pod 301
/product/oxygenx-pod-szett-revive-pod-743 /kellekek/oxygenx-pod-szett-glam-pod 301
/termek/oxygenx-pod-szett-revive-pod-743 /kellekek/oxygenx-pod-szett-glam-pod 301
/oxygenx-pod-szett-revive-pod-743 /kellekek/oxygenx-pod-szett-glam-pod 301
/product/oxygenx-pod-szett-retouch-pod /kellekek/oxygenx-pod-szett-glam-pod 301
/termek/oxygenx-pod-szett-retouch-pod /kellekek/oxygenx-pod-szett-glam-pod 301
/oxygenx-pod-szett-retouch-pod /kellekek/oxygenx-pod-szett-glam-pod 301
/product/oxygenx-pod-szett-hydrate-pod /kellekek/oxygenx-pod-szett-glam-pod 301
/termek/oxygenx-pod-szett-hydrate-pod /kellekek/oxygenx-pod-szett-glam-pod 301
/oxygenx-pod-szett-hydrate-pod /kellekek/oxygenx-pod-szett-glam-pod 301
/product/oxygenx-pod-szett-detox-pod /kellekek/oxygenx-pod-szett-glam-pod 301
/termek/oxygenx-pod-szett-detox-pod /kellekek/oxygenx-pod-szett-glam-pod 301
/oxygenx-pod-szett-detox-pod /kellekek/oxygenx-pod-szett-glam-pod 301
/product/hydraliquid_peeling /kellekek/hydraliquid_peeling 301
/termek/hydraliquid_peeling /kellekek/hydraliquid_peeling 301
/hydraliquid_peeling /kellekek/hydraliquid_peeling 301
/product/hydraliquid_lifting /kellekek/hydraliquid_peeling 301
/termek/hydraliquid_lifting /kellekek/hydraliquid_peeling 301
/hydraliquid_lifting /kellekek/hydraliquid_peeling 301
/product/hydraliquid_borvilagosito /kellekek/hydraliquid_peeling 301
/termek/hydraliquid_borvilagosito /kellekek/hydraliquid_peeling 301
/hydraliquid_borvilagosito /kellekek/hydraliquid_peeling 301
/product/hydraliquid_hegyikristallyal /kellekek/hydraliquid_peeling 301
/termek/hydraliquid_hegyikristallyal /kellekek/hydraliquid_peeling 301
/hydraliquid_hegyikristallyal /kellekek/hydraliquid_peeling 301
/product/hydraliquid_hidratalo /kellekek/hydraliquid_peeling 301
/termek/hydraliquid_hidratalo /kellekek/hydraliquid_peeling 301
/hydraliquid_hidratalo /kellekek/hydraliquid_peeling 301
/product/hydraliquid_feltolto /kellekek/hydraliquid_peeling 301
/termek/hydraliquid_feltolto /kellekek/hydraliquid_peeling 301
/hydraliquid_feltolto /kellekek/hydraliquid_peeling 301
/product/carbon-peeling-fust-elszivo-keszulek-815 /kellekek/carbon-peeling-fust-elszivo-keszulek-815 301
/termek/carbon-peeling-fust-elszivo-keszulek-815 /kellekek/carbon-peeling-fust-elszivo-keszulek-815 301
/carbon-peeling-fust-elszivo-keszulek-815 /kellekek/carbon-peeling-fust-elszivo-keszulek-815 301
/product/vanityblack-premium-elektromos-kozmetikai-agy-830 /szalonberendezes/vanityblack-premium-elektromos-kozmetikai-agy-830 301
/termek/vanityblack-premium-elektromos-kozmetikai-agy-830 /szalonberendezes/vanityblack-premium-elektromos-kozmetikai-agy-830 301
/vanityblack-premium-elektromos-kozmetikai-agy-830 /szalonberendezes/vanityblack-premium-elektromos-kozmetikai-agy-830 301
/product/snowlinetrolley-839 /szalonberendezes/snowlinetrolley-839 301
/termek/snowlinetrolley-839 /szalonberendezes/snowlinetrolley-839 301
/snowlinetrolley-839 /szalonberendezes/snowlinetrolley-839 301
/product/arctictrolley-842 /szalonberendezes/snowlinetrolley-839 301
/termek/arctictrolley-842 /szalonberendezes/snowlinetrolley-839 301
/arctictrolley-842 /szalonberendezes/snowlinetrolley-839 301
/product/frostlinetrolley-845 /szalonberendezes/snowlinetrolley-839 301
/termek/frostlinetrolley-845 /szalonberendezes/snowlinetrolley-839 301
/frostlinetrolley-845 /szalonberendezes/snowlinetrolley-839 301
/product/onyxgold-kezeloszek-824 /szalonberendezes/onyxgold-kezeloszek-824 301
/termek/onyxgold-kezeloszek-824 /szalonberendezes/onyxgold-kezeloszek-824 301
/onyxgold-kezeloszek-824 /szalonberendezes/onyxgold-kezeloszek-824 301
/product/albaroyal-827 /szalonberendezes/albaroyal-827 301
/termek/albaroyal-827 /szalonberendezes/albaroyal-827 301
/albaroyal-827 /szalonberendezes/albaroyal-827 301

# Category redirects
/dioda-lezer /diodalezerek 301
/dioda-lezerek /diodalezerek 301
/diodalezeres-szortelenito /diodalezerek 301
/hydro-facial /hydrafacial 301
/hidrodermabrazio /hydrafacial 301
/nd-yag /nd-yag-lezerek 301
/ndyag /nd-yag-lezerek 301
/pico /pico-lezerek 301
/pico-laser /pico-lezerek 301
/smink-tetovalas /sminktetovalas 301
/smink-tetovalo /sminktetovalas 301
/tetovalo /tetovalogepek 301
/tetovalo-gep /tetovalogepek 301
/szalon /szalonberendezes 301
/szalon-berendezes /szalonberendezes 301
/anti-age /anti-aging 301
/antiaging /anti-aging 301
/kellek /kellekek 301
/termekek /diodalezerek 301
/products /diodalezerek 301

# Catch-all for old product paths without match (optional - comment out if not needed)
# /product/* /:splat 301
